As Of Date,PDPOSGST-TOT,PDPOSCS-TOT,PDPOSMBS-TOT,PDPOSFGS-TOT,PDPOSABS-TOT,PDPOSSMGO-TOT
2013-04-03,108014,31552,114017,47186,21091,22829
2013-04-10,137924,31833,118317,51348,19239,27426
2013-04-17,111319,30955,117740,57283,19273,25707
2013-04-24,126947,30380,109485,59573,18397,23334
2013-05-01,109376,31497,116271,63131,18719,22398
2013-05-08,116301,34958,121142,60858,17826,22601
2013-05-15,94511,35031,111081,59980,18506,21778
2013-05-22,70064,37466,111621,48658,19264,20206
2013-05-29,95316,33794,101436,43584,18540,18298
2013-06-05,92461,34088,95824,49158,19612,18514
2013-06-12,92289,34018,90679,48429,19386,17768
2013-06-19,68033,37760,95038,44562,20207,17058
2013-06-26,83635,30874,98601,30767,18778,14044
2013-07-03,86925,30143,94699,32211,18265,11934
2013-07-10,77440,27325,97069,27743,18928,13544
2013-07-17,63001,27261,91481,28290,18191,12922
2013-07-24,104269,27628,91372,29578,17760,13977
2013-07-31,96962,26915,86642,30708,17451,14524
2013-08-07,113542,28435,88383,34192,18769,15456
2013-08-14,106315,30251,89201,38432,17698,14283
2013-08-21,81998,24045,88117,27608,17195,14452
2013-08-28,100733,22981,84125,27436,17059,14447
2013-09-04,116371,24622,80717,29932,17123,12398
2013-09-11,126831,32396,76451,30198,17679,12254
2013-09-18,110669,29565,78849,24988,18001,13633
2013-09-25,93201,33582,79047,30650,18496,13193
2013-10-02,80808,34160,80654,37329,17431,10185
2013-10-09,122057,38967,86629,48118,17587,13226
2013-10-16,145999,37846,77554,40779,17826,14598
2013-10-23,108318,33905,79104,31409,18119,14287
2013-10-30,102520,33311,78748,30854,17225,13949
2013-11-06,103364,36178,86519,29848,17299,12853
2013-11-13,110629,34155,91362,30073,17522,14225
2013-11-20,101271,39163,88568,31433,17875,14884
2013-11-27,99696,39028,92339,29417,17260,14915
2013-12-04,75355,39620,96670,29205,17290,12836
2013-12-11,77592,40580,95264,30072,17602,14774
2013-12-18,77913,41780,96765,28956,17524,13580
2013-12-25,72466,34933,94377,25852,17350,13541
2014-01-01,44191,29190,92601,20459,17114,12085
2014-01-08,60495,32588,96516,24459,17500,11427
2014-01-15,47267,36043,90385,28397,17810,11642
2014-01-22,51397,40275,88360,28832,17513,12012
2014-01-29,39039,38419,93784,27815,18574,13542
2014-02-05,41442,38096,90900,29671,17969,11582
2014-02-12,47866,37330,94843,25291,18522,12594
2014-02-19,49130,37011,96260,28044,18270,10641
2014-02-26,60147,34942,93051,18759,18055,11458
2014-03-05,65276,45923,87270,29043,17390,12598
2014-03-12,69571,43496,85195,33400,17298,12753
2014-03-19,50061,39061,89089,33306,17083,12067
2014-03-26,43167,32078,91933,27247,16328,11172
2014-04-02,44526,31177,85983,33886,15656,9803
2014-04-09,58046,33607,84644,32762,16098,12372
2014-04-16,35245,37143,91326,38356,16436,15447
2014-04-23,31635,30814,86740,32942,16047,13210
2014-04-30,41032,32136,83313,29800,15770,13044
2014-05-07,22355,33675,84205,34880,15883,12884
2014-05-14,28053,36821,79043,36545,16004,13664
2014-05-21,24225,34046,80857,37578,15522,13906
2014-05-28,50417,35539,83787,40565,15446,12893
2014-06-04,56175,36947,80452,40404,15697,13044
2014-06-11,62782,38147,78820,47516,15976,14761
2014-06-18,33298,39889,78598,42336,16254,15205
2014-06-25,53867,37037,79297,37033,16471,13381
2014-07-02,19298,40285,79498,34197,15945,11257
2014-07-09,27712,36487,74477,38955,15767,12180
2014-07-16,18346,37751,80633,44800,16088,13446
2014-07-23,36291,37205,83025,38492,16974,16102
2014-07-30,21631,37195,86359,35971,17073,15020
2014-08-06,30502,33020,85452,38819,18539,12503
2014-08-13,38813,37488,87676,35401,17496,12033
2014-08-20,42886,35976,81525,27033,16188,12129
2014-08-27,52563,34815,85632,26687,15823,11860
2014-09-03,38163,33186,81851,29530,15622,9855
2014-09-10,48860,38566,80090,28486,15710,10687
2014-09-17,36316,38648,79837,30962,16176,11423
2014-09-24,27787,34151,80158,28017,16288,11532
2014-10-01,16893,34725,80872,33691,16075,10321
2014-10-08,35915,38069,78072,38788,16802,11496
2014-10-15,63814,33273,92891,45654,17000,12563
2014-10-22,50190,28603,94502,44505,16544,14219
2014-10-29,46312,31882,95185,32304,16348,14418
2014-11-05,48330,32173,93423,34723,16080,15446
2014-11-12,68519,32973,89529,38286,16076,15147
2014-11-19,47417,33682,86897,32681,17900,16963
2014-11-26,52991,32509,90961,32867,16550,15228
2014-12-03,37722,26022,91475,30916,16519,14980
2014-12-10,51806,35067,97908,35328,16832,17179
2014-12-17,44092,33539,103412,33922,17237,16681
2014-12-24,35605,28347,97887,27570,16366,14974
2014-12-31,7823,23107,99930,22212,15998,13376
2015-01-07,14562,30063,98578,29771,15543,12830
2015-01-14,29508,28925,90410,33049,16130,12481
2015-01-21,24527,24155,95074,28479,15541,13044
2015-01-28,19513,24620,98048,26281,15594,13730
2015-02-04,21561,23356,89209,29161,14648,15536
2015-02-11,33371,21102,84231,30940,13797,15344
2015-02-18,37259,21544,84728,27735,14250,14051
2015-02-25,32341,25058,88288,24514,13955,13231
2015-03-04,22071,23699,84321,25496,13779,13457
2015-03-11,44230,30818,84836,32607,14358,15306
2015-03-18,28994,30306,91717,27724,14896,16148
2015-03-25,29629,27533,95798,29379,14745,17080
2015-04-01,14730,25925,93778,28168,14098,16435
2015-04-08,31261,24623,98619,31050,13681,17768
2015-04-15,27613,27760,95213,32039,14734,20904
2015-04-22,19396,25030,95242,32879,15159,24623
2015-04-29,23338,26596,93140,28362,14390,23873
2015-05-06,24856,22883,89279,29778,14967,23127
2015-05-13,33214,30654,85767,28652,15562,22668
2015-05-20,22857,27736,86337,21526,15616,20588
2015-05-27,30281,28542,88540,20309,15729,18635
2015-06-03,29518,27998,104025,20927,16321,18060
2015-06-10,32170,32057,106006,26763,16219,20798
2015-06-17,14907,30661,105622,22244,16235,18559
2015-06-24,30049,26247,107675,19685,16006,18434
2015-07-01,9264,24469,103855,16351,15328,16422
2015-07-08,21917,26830,100937,20272,14826,14965
2015-07-15,22741,27702,101631,17853,16737,15078
2015-07-22,42036,24418,99771,21207,15538,16339
2015-07-29,69251,25978,106080,19533,16185,16691
2015-08-05,45341,22694,105996,19018,15570,16473
2015-08-12,62374,23356,107183,25540,16975,16126
2015-08-19,57111,21745,107912,23171,16891,15365
2015-08-26,78694,21576,107778,27682,16421,15737
2015-09-02,65999,20983,108509,27346,16148,15491
2015-09-09,91823,20142,108630,24544,15821,15380
2015-09-16,67119,19037,107750,22695,15196,16192
2015-09-23,86167,18748,110886,17056,14727,16515
2015-09-30,50804,13120,108424,13190,14567,14980
2015-10-07,68107,18540,108405,22074,14779,15525
2015-10-14,66537,16774,111486,25386,15356,15584
2015-10-21,56057,13752,95265,23888,14992,17146
2015-10-28,65103,6533,93799,20745,14683,16484
2015-11-04,53838,15083,88999,23488,14470,16302
2015-11-11,65812,16975,83459,27194,14136,16239
2015-11-18,44415,17667,84608,22707,14062,16647
2015-11-25,71834,20895,83895,32901,13545,16042
2015-12-02,53693,18858,88450,25614,13028,15711
2015-12-09,59914,24880,87895,19091,13249,17215
2015-12-16,57164,19756,88294,15546,13199,16915
2015-12-23,52531,17724,91691,13773,12705,15959
2015-12-30,47423,11117,90229,11655,12347,15384
2016-01-06,74511,17227,88880,15012,12271,14215
2016-01-13,85061,20472,98536,20289,12035,15267
2016-01-20,90489,21583,105364,18169,12261,15702
2016-01-27,106407,19540,92946,15374,11334,15697
2016-02-03,107154,17870,95054,18362,10961,14896
2016-02-10,113510,16622,92157,23581,11073,16592
2016-02-17,119837,16354,89677,26042,11737,17326
2016-02-24,110461,12903,88488,18977,12203,16999
2016-03-02,93930,17641,84351,20513,11762,17521
2016-03-09,110261,17508,77762,17239,11280,18325
2016-03-16,92478,14428,77269,18331,10750,19762
2016-03-23,75885,12756,73583,15648,10477,21724
2016-03-30,71392,13791,76069,15124,9597,19999
2016-04-06,78773,14979,88048,21035,9058,17420
2016-04-13,90011,15852,88933,23138,8756,18972
2016-04-20,82997,15833,85310,17231,8138,19302
2016-04-27,78280,13066,81326,17260,8429,19225
2016-05-04,78383,17179,85263,19060,7944,18977
2016-05-11,94240,17268,73316,25607,8297,19753
2016-05-18,71959,18502,72303,21571,8292,19753
2016-05-25,82372,15916,70167,17307,8224,21358
2016-06-01,72962,19456,69527,18600,9292,20889
2016-06-08,81018,22842,75475,20661,9901,23050
2016-06-15,88634,26135,84987,25039,9565,22767
2016-06-22,100090,21283,86266,26771,9625,22247
2016-06-29,92666,15629,91667,19444,9158,21262
2016-07-06,99988,15940,92096,23734,8873,18976
2016-07-13,99826,14495,86287,26976,9348,21312
2016-07-20,86900,17191,87500,23252,9720,22202
2016-07-27,92600,17067,93011,20853,9651,20094
2016-08-03,89355,17639,95882,25096,9530,19666
2016-08-10,105946,19169,92324,21891,9072,21019
2016-08-17,83071,19724,76599,18211,8962,21861
2016-08-24,96171,17634,78021,21219,8502,22127
2016-08-31,94123,17985,83052,18477,8446,21018
2016-09-07,101919,21628,74345,21625,8358,18957
2016-09-14,99710,26389,67513,20673,9813,23746
2016-09-21,78307,21947,70793,16425,10158,22444
2016-09-28,102700,21409,81323,15848,10588,24897
2016-10-05,109483,23871,73744,19816,10537,21415
2016-10-12,111386,20953,79891,16542,10818,19529
2016-10-19,99875,20322,78484,19103,11131,20165
2016-10-26,92965,20702,78286,26784,10467,21867
2016-11-02,108238,28503,80236,25129,10629,21628
2016-11-09,116588,27079,75172,23773,9988,21105
2016-11-16,93015,24841,81032,25653,8562,21460
2016-11-23,93804,30372,80744,23054,10342,23137
2016-11-30,81803,24078,75147,16947,10922,21896
2016-12-07,103823,21998,72860,22725,11436,22309
2016-12-14,95860,26907,74264,19100,11597,22501
2016-12-21,78983,21550,68903,12256,10744,23830
2016-12-28,76521,15880,70580,11299,12347,21260
2017-01-04,76836,19648,57383,17365,12405,19565
2017-01-11,97973,21994,57577,21320,12281,19876
2017-01-18,87673,25137,57142,26540,12671,20317
2017-01-25,106209,24945,55365,20501,10001,21390
2017-02-01,85692,27599,56274,18650,9793,19112
2017-02-08,97452,25660,51195,23704,9762,20541
2017-02-15,91314,26733,50656,26622,9557,20292
2017-02-22,89520,23029,54174,22186,9367,18816
2017-03-01,107326,26170,52221,22253,8928,17597
2017-03-08,80128,31673,54862,21894,9794,20542
2017-03-15,68333,33509,62228,21378,9784,21870
2017-03-22,84069,28487,62887,22556,9631,22135
2017-03-29,86681,23958,65479,18471,9282,21738
2017-04-05,89390,22439,63196,22083,9724,19564
2017-04-12,101560,21928,62509,25437,9530,20637
2017-04-19,95145,23488,66605,24074,10276,20611
2017-04-26,108164,21339,66215,22332,9471,19577
2017-05-03,105158,21280,70201,24702,8900,17100
2017-05-10,101061,23243,66921,23169,9434,17851
2017-05-17,103128,24737,65706,20633,10387,19564
2017-05-24,120634,24138,67244,21345,10268,19177
2017-05-31,106075,27317,68131,18318,9967,18441
2017-06-07,107257,28409,67629,21537,10230,18864
2017-06-14,109889,27902,73197,22137,10013,20437
2017-06-21,102073,26146,74907,17120,10824,24192
2017-06-28,114961,20970,73011,16658,9984,23103
2017-07-05,107572,19456,67248,19813,9937,18903
2017-07-12,101985,22818,62441,19794,9479,18898
2017-07-19,118630,26041,62799,20116,9117,20557
2017-07-26,108197,21956,63574,26117,9009,19542
2017-08-02,93019,26117,67484,23404,8892,15934
2017-08-09,100100,27512,62482,22396,9627,16743
2017-08-16,96121,30244,65213,21703,9150,16291
2017-08-23,103446,27317,61578,19499,8924,18330
2017-08-30,107489,23447,65842,19959,8792,19181
2017-09-06,96774,25276,69336,21974,7959,19171
2017-09-13,101392,22519,62590,22784,10295,20960
2017-09-20,84306,23836,62677,17327,9401,21410
2017-09-27,102843,19129,60901,16158,9041,19508
2017-10-04,97003,20215,57086,19902,9158,18317
2017-10-11,114672,23708,53712,20741,9776,17665
2017-10-18,97931,25258,56644,24426,10025,21280
2017-10-25,99640,30972,55464,22717,9539,21408
2017-11-01,97483,31999,58194,24130,9091,21310
2017-11-08,117460,32169,61561,24307,10805,20600
2017-11-15,96846,31915,56719,29888,11598,20450
2017-11-22,103556,28786,52410,24369,11092,20502
2017-11-29,105857,26515,50638,18381,10806,20088
2017-12-06,85040,26662,47192,19604,10829,20962
2017-12-13,109935,28328,53547,16865,10383,28053
2017-12-20,84853,22766,55923,14640,9926,31181
2017-12-27,105202,18118,56007,12499,9583,28698
2018-01-03,82374,16381,56322,15085,8929,25058
2018-01-10,85977,22001,55064,18112,8808,23464
2018-01-17,82000,25067,51875,16506,9354,22212
2018-01-24,92239,23171,47312,16038,9401,23493
2018-01-31,71556,22517,44623,23366,9356,21412
2018-02-07,101330,29678,51146,27214,9557,21060
2018-02-14,76026,27805,52482,22630,10868,22562
2018-02-21,69697,23359,56350,26674,10665,22191
2018-02-28,61134,23700,52034,20207,10614,22583
2018-03-07,78413,23527,50062,21617,11113,23855
2018-03-14,89042,24060,51821,24097,11729,24816
2018-03-21,64822,19646,55973,17494,10320,26101
2018-03-28,80393,15173,59479,15559,10009,26742
2018-04-04,84045,15049,56430,15222,10037,26949
2018-04-11,115515,17468,54219,14878,10017,26337
2018-04-18,106975,18219,50832,17112,9614,27996
2018-04-25,101634,20630,48541,14407,10267,23635
2018-05-02,105178,19731,56911,12706,10395,22677
2018-05-09,132166,16467,54101,16425,10201,21945
2018-05-16,130249,19543,54639,14948,11163,21363
2018-05-23,141944,19670,59111,15120,11496,21083
2018-05-30,147802,21597,58918,14099,11254,23120
2018-06-06,131237,22222,59520,13889,11682,25882
2018-06-13,150037,24109,59428,18146,11285,28034
2018-06-20,138252,24972,58119,13864,11372,29822
2018-06-27,147980,19595,59669,11068,11249,28272
2018-07-04,133138,18517,59952,15850,11180,21417
2018-07-11,145228,14533,57697,14789,10933,19697
2018-07-18,137157,12831,56201,15981,11022,21644
2018-07-25,159620,13241,54709,13478,10539,25427
2018-08-01,136192,14127,52779,13203,10120,26655
2018-08-08,152737,11522,55163,13604,10010,26438
2018-08-15,144690,19991,59732,20158,10481,25074
2018-08-22,153932,18395,60249,18870,10338,28503
2018-08-29,174114,16520,65476,15609,9892,27147
2018-09-05,145115,18146,69359,15471,9539,24464
2018-09-12,152115,18317,65839,15955,9832,24716
2018-09-19,129480,21479,64846,15794,10917,26539
2018-09-26,130454,19580,67554,14577,10863,25836
2018-10-03,111160,24995,69540,18069,10942,22926
2018-10-10,124543,26429,61168,18704,11752,22441
2018-10-17,134033,26038,67316,17493,12119,24406
2018-10-24,147392,22832,68904,19389,12090,25227
2018-10-31,156897,24816,71563,20590,12039,23359
2018-11-07,180370,19541,67632,19426,11825,22525
2018-11-14,183825,26561,67410,19509,12439,21733
2018-11-21,180401,24880,74466,20171,11862,20680
2018-11-28,212122,22702,70712,17119,11505,20137
2018-12-05,230884,23129,76772,18825,11835,19865
2018-12-12,237847,18686,72084,17366,11824,22085
2018-12-19,224513,17479,75236,15529,11217,22384
2018-12-26,245684,13975,73931,12244,11002,21417
2019-01-02,250269,14240,76068,13832,10611,18182
2019-01-09,250120,14660,74259,16169,11273,17325
2019-01-16,226188,15211,72377,11720,10993,18914
2019-01-23,224519,12976,72950,15774,10567,21373
2019-01-30,259928,9149,71565,11068,10129,21787
2019-02-06,245053,11070,72521,13221,10615,21085
2019-02-13,244381,17802,73193,18182,10999,20831
2019-02-20,241990,17457,70121,15118,11294,18111
2019-02-27,230457,15374,72470,15689,10746,16640
2019-03-06,212407,16553,70021,16588,10887,14134
2019-03-13,219633,17931,73670,21623,10704,14815
2019-03-20,223121,14930,72016,25496,11507,13856
2019-03-27,233643,17411,79309,16305,10213,16557
2019-04-03,222588,20603,78122,18972,9565,15420
2019-04-10,234458,17426,79071,17329,9595,19904
2019-04-17,209938,22070,79406,17283,9865,22766
2019-04-24,237362,20432,82771,14612,9562,18818
2019-05-01,225351,21693,81440,16400,9553,14342
2019-05-08,266151,7906,82788,17467,9926,13446
2019-05-15,245515,23190,86215,15349,10927,14455
2019-05-22,245097,20511,90790,16623,11976,19940
2019-05-29,286934,18821,94739,18832,11813,17599
2019-06-05,251852,20524,98812,16410,12310,20545
2019-06-12,249715,20848,96279,18380,12220,21593
2019-06-19,251158,18983,98137,20250,10729,21099
2019-06-26,257148,17088,101512,15487,10958,19587
2019-07-03,268902,19280,99771,17815,10494,13562
2019-07-10,238197,16873,94319,13776,10684,15445
2019-07-17,237608,17860,93805,16683,11006,17637
2019-07-24,257833,17696,96288,17167,10138,18091
2019-07-31,206836,20792,93248,13127,10821,17024
2019-08-07,224148,19615,98573,15337,11481,16757
2019-08-14,226769,22005,100739,16864,11585,19002
2019-08-21,224522,18952,102623,17456,11065,22165
2019-08-28,228314,19945,104930,21394,11124,19461
2019-09-04,224450,20596,103879,17116,11712,19026
2019-09-11,219252,24474,99422,19536,12006,20183
2019-09-18,205539,20656,101079,16592,12223,20000
2019-09-25,206061,19224,108530,14532,11765,19554
2019-10-02,189953,19372,113838,13031,11802,17215
2019-10-09,227438,18382,100498,16826,11937,16826
2019-10-16,240711,18748,99830,17588,12260,15574
2019-10-23,255691,16825,96059,15285,11699,18709
2019-10-30,223421,19082,100456,12706,11362,19659
2019-11-06,220820,18837,92050,12293,11480,17463
2019-11-13,235127,25881,95980,13977,11711,18776
2019-11-20,245535,25050,98107,15993,11406,17911
2019-11-27,259747,27282,98282,19808,11314,17653
2019-12-04,216289,21114,102377,18662,11119,19616
2019-12-11,230810,22410,100418,19821,10405,19910
2019-12-18,225936,18947,99984,17318,9837,19860
2019-12-25,213808,15806,102309,15615,8084,18719
2020-01-01,213569,13430,95608,13179,7725,14431
2020-01-08,234870,20398,83635,15409,7773,13198
2020-01-15,222775,22796,83219,16879,8702,12620
2020-01-22,212747,23530,79761,19171,8434,15006
2020-01-29,234280,25805,78371,25052,8565,18657
2020-02-05,193082,24146,72228,24714,8952,16973
2020-02-12,216811,22806,75294,19514,10094,15989
2020-02-19,201738,26868,73564,25316,9210,14089
2020-02-26,231276,24113,84340,26369,9502,16362
2020-03-04,231889,22403,98967,23595,12301,18486
2020-03-11,269009,15634,103852,22132,11989,20262
2020-03-18,271846,17731,126313,20221,11619,33497
2020-03-25,232276,27709,117016,17959,10978,24025
2020-04-01,224413,38952,109429,20720,10585,12947
2020-04-08,239014,38530,98049,21268,10561,10459
2020-04-15,223895,39573,114109,19266,10395,10051
2020-04-22,240175,38424,108534,15646,9947,11034
2020-04-29,238767,37710,111296,17028,9408,12557
2020-05-06,214056,36395,99538,16923,8947,10547
2020-05-13,240232,36554,108507,18698,8656,10738
2020-05-20,248411,33529,112012,21641,8108,9869
2020-05-27,294726,32126,120054,24340,7913,10775
2020-06-03,255850,31110,119409,26576,8023,11272
2020-06-10,253816,29806,110185,27698,8099,11703
2020-06-17,247766,29706,114695,23632,7425,12620
2020-06-24,285838,26115,116862,20301,7331,11601
2020-07-01,270082,20875,115503,20746,6900,9690
2020-07-08,281245,22552,96206,11989,6744,12234
2020-07-15,270791,20396,99427,18091,6700,13378
2020-07-22,278017,17846,105462,15356,6645,12038
2020-07-29,271295,16822,103448,15848,6867,10192
2020-08-05,249932,16820,107058,17082,6776,9317
2020-08-12,265997,20595,98419,17663,6978,9445
2020-08-19,249947,21315,102960,16878,6812,9884
2020-08-26,276316,17515,99629,16870,6886,9659
2020-09-02,244153,16200,100931,18839,7035,10095
2020-09-09,265456,17750,86696,20503,6767,12074
2020-09-16,239863,16533,96892,21479,7150,10839
2020-09-23,257021,18315,94007,16173,7392,11688
2020-09-30,231411,18378,95801,11829,6942,10954
2020-10-07,245153,19454,85573,16978,7111,10723
2020-10-14,248442,16247,93991,23002,6673,11585
2020-10-21,237077,16067,94192,15752,6468,11804
2020-10-28,241244,15465,99344,18718,6368,12074
2020-11-04,228021,16120,101555,16392,6067,10896
2020-11-11,227326,18332,96184,16145,5924,10249
2020-11-18,206813,20354,95038,13839,6939,9534
2020-11-25,246900,18214,92751,17487,6376,9789
2020-12-02,234371,17776,91540,18563,5919,8180
2020-12-09,231153,19346,85200,18912,5906,8578
2020-12-16,244303,20099,88054,20263,6202,8214
2020-12-23,254935,14197,84253,14182,5957,7992
2020-12-30,246313,11265,93343,11385,5630,6660
2021-01-06,246328,14269,89314,18943,5392,6456
2021-01-13,232408,15979,86273,15840,5538,6400
2021-01-20,205201,17940,87660,13977,5708,6592
2021-01-27,211282,14731,96893,13192,6639,6649
2021-02-03,199300,13751,89305,14827,6685,6669
2021-02-10,234925,14944,84404,15981,7292,7645
2021-02-17,227148,13867,83928,16034,6430,8239
2021-02-24,250506,14649,89996,14376,7014,7680
2021-03-03,185826,13882,85827,15024,7247,8878
2021-03-10,169760,14298,78992,16732,7298,9565
2021-03-17,132891,13499,87096,15357,7137,9999
2021-03-24,172315,14197,89191,14311,7219,10393
2021-03-31,154104,10274,84584,12040,6558,8580
2021-04-07,122268,13685,80809,14266,5842,8925
2021-04-14,125612,12603,71610,14724,6593,9800
2021-04-21,138793,13640,71197,13347,6619,9807
2021-04-28,150225,8659,74350,14004,6316,8850
2021-05-05,126452,6680,76890,16193,6098,9539
2021-05-12,136998,9528,71689,15200,6291,10959
2021-05-19,126333,9107,68975,11065,6765,10496
2021-05-26,149836,12148,70142,10142,6311,9578
2021-06-02,168643,11249,72704,16365,6464,7919
2021-06-09,176615,16114,66479,13883,8020,9324
2021-06-16,155440,15198,80271,13561,7101,10054
2021-06-23,172265,14150,75759,14663,7000,11209
2021-06-30,161558,12790,74949,11286,6835,10087
2021-07-07,166218,17057,75779,12832,6449,8727
2021-07-14,162101,17525,77964,13173,6815,9144
2021-07-21,152992,17568,84618,18633,6648,11106
2021-07-28,154983,14278,81009,12793,6622,10784
2021-08-04,162241,14902,79756,14718,6731,9366
2021-08-11,165351,19279,70446,14180,6404,9090
2021-08-18,156442,16561,81200,14427,6662,8875
2021-08-25,169754,13588,83807,12458,6273,9102
2021-09-01,172025,12179,81387,10528,6175,8654
2021-09-08,189910,12780,75996,12733,6211,8756
2021-09-15,150841,17803,77715,14819,6963,11037
2021-09-22,150469,12795,76302,10901,7548,12560
2021-09-29,136552,8991,75907,10848,7180,12947
2021-10-06,152399,18948,73622,14498,6823,10817
2021-10-13,118933,15589,66399,15385,6915,11327
2021-10-20,142240,20080,74257,18455,7585,11811
2021-10-27,152179,21145,72590,17309,7841,11521
2021-11-03,113450,18563,77791,20787,6685,10501
2021-11-10,119471,19079,78652,22080,8384,13111
2021-11-17,134407,29621,75492,15375,8603,12251
2021-11-24,150931,19921,75110,16857,8634,12944
2021-12-01,152614,17475,73407,13611,8606,11820
2021-12-08,133119,15593,65471,12643,8783,14680
2021-12-15,75588,16716,67705,10528,8011,15677
2021-12-22,94996,11654,71924,10638,7502,13430
2021-12-29,112641,7242,78677,7987,7036,11949
2022-01-05,112141,9180,76355,11333,6800,10383
2022-01-12,124399,14213,74487,11871,7102,9501
2022-01-19,127389,17533,68882,12229,7672,10143
2022-01-26,117761,14939,71642,12752,7628,14986
2022-02-02,127610,13597,70511,14220,7963,16263
2022-02-09,140936,12336,66094,16373,7795,13792
2022-02-16,118398,11710,63168,14843,7649,12422
2022-02-23,149957,9342,62210,14189,7517,11566
2022-03-02,168677,9143,65806,15114,7217,13144
2022-03-09,134041,10396,61217,11218,7420,13942
2022-03-16,111492,7820,57152,10710,7325,15159
2022-03-23,112983,8842,64425,6215,7285,13076
2022-03-30,114320,8633,65384,9614,7144,11116
2022-04-06,111717,9729,60871,10235,6951,11689
2022-04-13,120814,10758,62938,10636,7708,12442
2022-04-20,104317,14764,66715,11563,7548,12891
2022-04-27,108270,10560,71326,12912,8079,13487
2022-05-04,110770,10986,74127,12195,7337,11968
2022-05-11,124230,11362,73370,15422,8535,14830
2022-05-18,108939,9033,77816,13147,8049,12476
2022-05-25,119318,9502,80877,11774,7908,10468
2022-06-01,132148,10783,79317,13024,7579,9386
2022-06-08,111764,9221,79313,11603,7429,10468
2022-06-15,77441,11195,75368,10551,7508,10316
2022-06-22,107829,11795,80552,13496,7323,10495
2022-06-29,105672,6568,78160,13312,7214,8471
2022-07-06,137617,4657,83420,12987,7082,7038
2022-07-13,134690,4443,75064,12282,6969,7765
2022-07-20,124206,8378,77901,11418,6656,11057
2022-07-27,138656,8739,78040,11581,6057,15050
2022-08-03,116283,8745,72866,11161,6533,14000
2022-08-10,132199,10091,68673,13836,6618,11095
2022-08-17,116168,8788,68592,13489,6695,8400
2022-08-24,144032,11139,68140,19319,6488,7480
2022-08-31,140010,9940,65633,17927,6232,7602
2022-09-07,138046,13100,71188,14830,6472,7837
2022-09-14,128956,12471,68543,16166,6350,11087
2022-09-21,104071,10988,67716,17404,6298,12853
2022-09-28,124616,10488,67265,12002,6844,13996
2022-10-05,160939,11768,67851,13549,7094,11834
2022-10-12,151741,12602,66678,13948,7215,10633
2022-10-19,145359,13975,69335,12284,7124,10583
2022-10-26,167155,14943,69892,12986,7129,10055
2022-11-02,150360,12853,70190,13365,6846,9943
2022-11-09,152461,13551,66752,14794,6904,9311
2022-11-16,147150,14489,66516,12557,6981,10125
2022-11-23,190583,16834,64705,16203,6754,10074
2022-11-30,158640,14882,56593,13178,6786,12970
2022-12-07,158662,14840,69825,12515,6614,18134
2022-12-14,175792,12946,71858,14974,6350,19871
2022-12-21,152494,8301,72563,15031,6073,15442
2022-12-28,149809,5435,72287,13251,5820,11210
2023-01-04,149160,9385,72322,17254,6186,9758
2023-01-11,166577,11269,66944,20229,6158,9584
2023-01-18,190394,15763,69895,17813,6308,9369
2023-01-25,218563,13761,67831,16918,6600,10124
2023-02-01,211524,16410,70274,22194,6561,13255
2023-02-08,218534,16827,70293,15141,5969,16681
2023-02-15,192488,18548,69022,17795,6531,12133
2023-02-22,189623,13862,66654,16695,6382,9367
2023-03-01,213760,15282,72139,16235,6512,7820
2023-03-08,215306,15087,79180,17783,7620,8976
2023-03-15,221895,13164,78335,17379,7252,16967
2023-03-22,190884,9622,85032,18087,7030,15868
2023-03-29,242894,8576,84274,14310,7296,11219
2023-04-05,213255,10403,84388,14838,7526,10055
2023-04-12,211606,11109,79554,12901,7513,10843
2023-04-19,195197,13727,81206,18269,7707,18510
2023-04-26,212265,12211,84428,18175,7440,17836
2023-05-03,215124,15036,81843,15816,6969,15138
2023-05-10,190435,14025,80620,16953,7490,15291
2023-05-17,208432,18069,83900,17179,7229,15641
2023-05-24,219301,17780,87084,19104,7648,16774
2023-05-31,243188,18142,80845,16527,7119,14877
2023-06-07,178332,17968,81970,16897,7361,13037
2023-06-14,219509,15691,86558,14382,7584,16327
2023-06-21,220386,15606,83999,15902,7892,15904
2023-06-28,258369,11384,86035,13551,7537,14807
2023-07-05,230565,13827,89718,13947,6808,10234
2023-07-12,254066,14962,80037,13712,6992,10390
2023-07-19,222830,15190,87613,14168,7172,13526
2023-07-26,213042,14544,85465,13964,6592,15135
2023-08-02,189384,18608,82883,13139,6754,12579
2023-08-09,176431,17893,84321,13284,8004,11135
2023-08-16,171435,17634,86259,15222,8571,14711
2023-08-23,194010,13177,87376,16619,8707,14315
2023-08-30,201972,13376,88785,16349,8377,12488
2023-09-06,216992,17959,89706,15613,8470,10137
2023-09-13,214478,20827,79509,16137,8903,12552
2023-09-20,211159,19359,89820,16995,8635,13735
2023-09-27,220791,21518,88310,14475,8675,13323
2023-10-04,217483,20113,87232,14676,8834,11391
2023-10-11,206612,17882,87265,13855,9197,14201
2023-10-18,193839,19648,84511,14432,8419,14282
2023-10-25,199788,17542,90059,12167,8437,14202
2023-11-01,211993,20011,85866,16704,8683,11866
2023-11-08,207923,22427,86820,14167,9522,12083
2023-11-15,200573,21105,88646,13302,9258,14539
2023-11-22,255266,18230,88541,15017,8591,13558
2023-11-29,243558,18503,90043,14576,8301,14094
2023-12-06,247181,21499,86591,13067,8586,13102
2023-12-13,252368,18192,88892,13251,8594,15418
2023-12-20,223920,15462,96650,14219,7657,14470
2023-12-27,256389,11364,97230,12017,7499,12384
2024-01-03,252238,13667,97976,10946,7260,8784
2024-01-10,253849,14227,96480,10169,7592,9463
2024-01-17,245518,13720,96052,12458,7796,13252
2024-01-24,271970,16242,96706,14933,7711,13772
2024-01-31,284375,16395,98758,13604,7365,9603
2024-02-07,281351,13676,94554,15790,7588,11902
2024-02-14,281998,11241,95250,20134,8078,10794
2024-02-21,298993,15094,96395,14626,7703,9632
2024-02-28,249227,22444,92201,14369,7303,12467
2024-03-06,256365,23044,91736,14206,8119,9911
2024-03-13,268585,23023,92798,16515,8477,11461
2024-03-20,269736,19512,94440,15029,8482,11798
2024-03-27,270671,20094,94542,15646,8011,13308
2024-04-03,275497,16802,92341,16057,8178,9786
2024-04-10,312624,18384,93530,16197,8277,11582
2024-04-17,314269,21330,93621,16079,8578,13006
2024-04-24,308259,15399,98610,19013,8120,11960
2024-05-01,275430,18575,100891,15890,7596,12145
2024-05-08,302917,20686,110799,17582,7936,11152
2024-05-15,299951,26032,106649,14995,8604,14120
2024-05-22,292230,19819,112858,16141,8168,13683
2024-05-29,310830,18937,107799,14471,8062,13477
2024-06-05,301381,23602,113915,15274,8364,12991
2024-06-12,325408,22691,114402,13960,8740,16743
2024-06-19,277721,24708,115845,14076,9288,16239
2024-06-26,296491,16969,117246,14430,9260,17100
2024-07-03,312736,18657,116392,16461,8586,11940
2024-07-10,323122,19975,115765,13351,8360,13470
2024-07-17,318224,20904,115407,15760,7995,13757
2024-07-24,359135,19766,118242,14753,8398,14907
2024-07-31,315169,21180,116358,13864,8253,14266
2024-08-07,360644,18540,120778,13122,8980,15168
2024-08-14,327550,20860,119787,13188,8577,14183
2024-08-21,348669,17465,127538,12138,8920,12758
2024-08-28,329744,12860,120614,12322,7540,13167
2024-09-04,322765,14254,120809,10726,7710,11824
2024-09-11,322898,14867,115176,14683,7839,14711
2024-09-18,320076,11452,116768,11874,8199,12732
2024-09-25,310931,12868,126587,14738,8314,12848
2024-10-02,299774,10801,124780,13112,7634,13218
2024-10-09,289246,10862,124307,13400,7936,15727
2024-10-16,280638,10423,108756,15233,7945,15755
2024-10-23,253768,8829,114126,13535,7580,14575
2024-10-30,263516,9831,112405,14082,8136,15839
2024-11-06,256528,8779,104094,13194,7529,12616
2024-11-13,255332,11927,101114,13108,7703,16464
2024-11-20,275223,14340,103967,14359,8482,15436
2024-11-27,355891,16870,104254,15000,8639,14391
2024-12-04,341786,11387,103703,12000,8302,12089
2024-12-11,368815,11959,101736,13836,9412,16478
2024-12-18,394021,10154,106617,12439,9696,16170
2024-12-25,398063,8712,109394,14646,8567,14638
2025-01-01,374634,5600,117028,12250,8079,11392
2025-01-08,369505,11179,105912,11868,8711,10817
2025-01-15,357155,11154,103735,11979,9463,13097
2025-01-22,376285,11525,107908,12405,8412,13782
2025-01-29,394474,6813,112344,13494,12328,12857
2025-02-05,391418,12454,107931,16749,12786,13882
2025-02-12,408948,9489,97409,13401,11634,14174
2025-02-19,432230,15038,97207,14257,11982,12052
2025-02-26,455320,14750,94768,14626,11921,12241
2025-03-05,408204,15799,103558,12791,12738,14193
2025-03-12,405830,20822,108093,14186,12619,15442
2025-03-19,406699,11794,107824,13700,12278,13352
2025-03-26,418039,10842,115439,11528,11568,14073
2025-04-02,408663,7715,119770,12817,11351,13761
2025-04-09,406950,12285,120997,12954,10963,18851
2025-04-16,391786,8404,123480,12090,10995,20248
2025-04-23,394658,8473,125107,12847,11180,16427
2025-04-30,383227,10857,128914,11769,11508,15598
2025-05-07,370349,8676,119557,11046,11758,15623
2025-05-14,380221,15543,118677,15545,11484,15860
2025-05-21,350192,12570,118676,12654,11277,13981
2025-05-28,403729,10384,122561,14042,11509,13941
2025-06-04,384391,10560,125191,14151,11263,16384
2025-06-11,398656,9831,118679,14858,11692,18131
2025-06-18,411353,12817,120386,16489,11529,17352
2025-06-25,417439,11019,118545,15281,11566,17076
2025-07-02,393699,11353,119364,14289,11185,13547
2025-07-09,368234,10448,117134,17734,10784,14680
2025-07-16,341681,7107,118321,17504,11210,15776
2025-07-23,348983,9125,118414,14024,11191,16379
2025-07-30,362953,9235,118967,14623,10934,15200
2025-08-06,373746,6848,82109,15704,11283,16632
2025-08-13,376744,7530,86089,15664,11173,18356
2025-08-20,388327,9320,83207,18010,10820,15802
2025-08-27,325528,7843,80886,16169,10921,16984
2025-09-03,372781,6112,82955,14413,10587,14170
2025-09-10,408194,10250,76896,15615,10907,15274
2025-09-17,391020,6507,94069,16666,10339,13852
2025-09-24,390364,10578,99109,14512,10751,15960
2025-10-01,378284,10987,107595,11800,11218,13215
2025-10-08,391049,13459,103923,14244,11317,13940
2025-10-15,396392,11032,110115,13978,11673,13709
2025-10-22,382110,10900,108202,13914,11640,17742
2025-10-29,413347,8816,114161,16200,11409,17903
2025-11-05,382887,16571,115644,16619,9761,17004
2025-11-12,427123,17145,114996,17575,11835,15638
2025-11-19,420612,16904,124324,20957,11927,17661
2025-11-26,473169,13571,117476,18438,11856,15663
2025-12-03,404773,17000,114448,13903,11368,12803
2025-12-10,425644,10449,135407,13050,11407,16087
2025-12-17,455392,11371,116572,13849,11350,14897
2025-12-24,483529,7201,114261,16261,10897,11311
2025-12-31,476669,1721,113763,14206,10833,9603
2026-01-07,458820,6940,110779,21995,10899,9439
2026-01-14,471327,7446,116703,20706,10940,10663
2026-01-21,481900,7586,120224,19761,9815,11866
2026-01-28,535390,3961,119378,22766,10659,12229
2026-02-04,487484,5573,124104,16416,10635,12170
2026-02-11,498718,5644,115813,16662,9087,13051
2026-02-18,516562,5820,115959,15399,9988,11501
2026-02-25,531105,2282,121103,16622,9715,11280
2026-03-04,511471,4039,126078,19297,9721,12150
2026-03-11,530523,9497,113731,16618,11077,13320
2026-03-18,540028,5983,136234,16497,11619,12521
2026-03-25,557087,4683,142708,18399,11519,12361
2026-04-01,539632,3410,139903,19008,11702,12059
2026-04-08,530718,8536,130761,15777,11936,15178
2026-04-15,546887,6453,131834,17704,10841,16325
2026-04-22,518390,6765,131993,17045,11306,16726
2026-04-29,507728,9019,127862,18515,11364,15256
2026-05-06,500420,12775,123557,16831,11315,13894
2026-05-13,487431,13286,120312,15820,11664,13224
2026-05-20,451696,11800,132082,17039,10912,14089
2026-05-27,516656,12602,132787,22755,10687,13040
2026-06-03,477881,13419,130145,20353,10712,15162
2026-06-10,498615,14232,119177,21882,11097,15961
2026-06-17,492413,13617,127948,22743,10533,16159
2026-06-24,515551,15815,121873,26450,9908,17696
2026-07-01,464081,8411,129768,21391,9783,13945
2026-07-08,482980,10818,126810,16875,9787,15959
2026-07-15,467223,11955,127613,19622,10267,15483
2026-07-22,461590,8807,130259,18102,10567,15158
2026-07-29,473171,8442,135157,21330,10396,13578
2026-08-05,460282,7210,137867,18902,11039,13674
2026-08-12,444670,12525,132122,15427,11205,14881
2026-08-19,436406,13543,131171,19137,11444,13456
2026-08-26,477607,8843,126895,17274,10981,13608
